NATURALEZA,JORNADA,PROMLECT,PROMMATE
OFICIAL,COMPLETA,33,18
OFICIAL,COMPLETA,0,19
OFICIAL,COMPLETA,30,21
OFICIAL,COMPLETA,44,21
OFICIAL,COMPLETA,31,25
NO OFICIAL,MANANA,34,27
OFICIAL,COMPLETA,38,28
OFICIAL,COMPLETA,47,28
OFICIAL,COMPLETA,31,29
OFICIAL,COMPLETA,34,29
OFICIAL,COMPLETA,35,29
OFICIAL,COMPLETA,36,29
OFICIAL,COMPLETA,36,29
OFICIAL,COMPLETA,45,29
OFICIAL,COMPLETA,33,30
OFICIAL,UNICA,36,30
OFICIAL,NOCTURNA,36,30
OFICIAL,FIN DE SEMANA,40,30
OFICIAL,COMPLETA,41,30
OFICIAL,COMPLETA,44,30
OFICIAL,NOCTURNA,34,31
OFICIAL,FIN DE SEMANA,38,31
OFICIAL,COMPLETA,39,31
OFICIAL,COMPLETA,40,31
OFICIAL,COMPLETA,33,32
OFICIAL,COMPLETA,34,32
NO OFICIAL,FIN DE SEMANA,37,32
OFICIAL,COMPLETA,37,32
OFICIAL,MANANA,39,32
OFICIAL,COMPLETA,39,32
OFICIAL,COMPLETA,40,32
NO OFICIAL,FIN DE SEMANA,40,32
OFICIAL,FIN DE SEMANA,41,32
OFICIAL,NOCTURNA,42,32
OFICIAL,FIN DE SEMANA,43,32
OFICIAL,FIN DE SEMANA,45,32
OFICIAL,FIN DE SEMANA,36,33
NO OFICIAL,FIN DE SEMANA,36,33
OFICIAL,COMPLETA,37,33
OFICIAL,COMPLETA,37,33
OFICIAL,COMPLETA,37,33
OFICIAL,COMPLETA,38,33
OFICIAL,FIN DE SEMANA,38,33
NO OFICIAL,FIN DE SEMANA,38,33
OFICIAL,COMPLETA,38,33
OFICIAL,FIN DE SEMANA,38,33
OFICIAL,FIN DE SEMANA,38,33
OFICIAL,COMPLETA,39,33
OFICIAL,FIN DE SEMANA,39,33
OFICIAL,NOCTURNA,39,33
OFICIAL,COMPLETA,40,33
OFICIAL,COMPLETA,40,33
OFICIAL,FIN DE SEMANA,41,33
OFICIAL,COMPLETA,41,33
OFICIAL,COMPLETA,43,33
OFICIAL,COMPLETA,32,34
OFICIAL,COMPLETA,37,34
OFICIAL,COMPLETA,37,34
OFICIAL,FIN DE SEMANA,37,34
OFICIAL,COMPLETA,39,34
OFICIAL,COMPLETA,39,34
OFICIAL,COMPLETA,40,34
OFICIAL,FIN DE SEMANA,41,34
OFICIAL,COMPLETA,41,34
OFICIAL,NOCTURNA,42,34
OFICIAL,COMPLETA,42,34
OFICIAL,MANANA,42,34
OFICIAL,COMPLETA,43,34
OFICIAL,COMPLETA,44,34
OFICIAL,FIN DE SEMANA,46,34
OFICIAL,COMPLETA,46,34
OFICIAL,COMPLETA,49,34
OFICIAL,COMPLETA,32,35
OFICIAL,TARDE,33,35
OFICIAL,COMPLETA,35,35
OFICIAL,COMPLETA,36,35
OFICIAL,UNICA,37,35
OFICIAL,FIN DE SEMANA,38,35
OFICIAL,COMPLETA,38,35
OFICIAL,UNICA,38,35
OFICIAL,COMPLETA,39,35
OFICIAL,FIN DE SEMANA,39,35
OFICIAL,FIN DE SEMANA,40,35
OFICIAL,COMPLETA,40,35
OFICIAL,NOCTURNA,40,35
OFICIAL,COMPLETA,40,35
OFICIAL,FIN DE SEMANA,40,35
OFICIAL,NOCTURNA,41,35
OFICIAL,COMPLETA,41,35
OFICIAL,FIN DE SEMANA,41,35
OFICIAL,COMPLETA,41,35
OFICIAL,FIN DE SEMANA,41,35
OFICIAL,MANANA,42,35
OFICIAL,COMPLETA,42,35
OFICIAL,COMPLETA,43,35
OFICIAL,FIN DE SEMANA,43,35
OFICIAL,COMPLETA,47,35
OFICIAL,COMPLETA,35,36
OFICIAL,COMPLETA,37,36
OFICIAL,COMPLETA,38,36
OFICIAL,FIN DE SEMANA,38,36
OFICIAL,FIN DE SEMANA,39,36
OFICIAL,COMPLETA,40,36
OFICIAL,FIN DE SEMANA,40,36
OFICIAL,COMPLETA,40,36
OFICIAL,COMPLETA,40,36
OFICIAL,COMPLETA,40,36
NO OFICIAL,FIN DE SEMANA,40,36
OFICIAL,FIN DE SEMANA,41,36
OFICIAL,MANANA,41,36
OFICIAL,NOCTURNA,41,36
OFICIAL,COMPLETA,41,36
OFICIAL,FIN DE SEMANA,41,36
OFICIAL,FIN DE SEMANA,42,36
NO OFICIAL,FIN DE SEMANA,42,36
OFICIAL,NOCTURNA,42,36
OFICIAL,COMPLETA,42,36
OFICIAL,COMPLETA,43,36
OFICIAL,FIN DE SEMANA,43,36
OFICIAL,NOCTURNA,44,36
OFICIAL,FIN DE SEMANA,44,36
OFICIAL,COMPLETA,45,36
OFICIAL,COMPLETA,49,36
OFICIAL,COMPLETA,38,37
OFICIAL,NOCTURNA,38,37
OFICIAL,COMPLETA,39,37
OFICIAL,COMPLETA,39,37
OFICIAL,FIN DE SEMANA,40,37
OFICIAL,NOCTURNA,40,37
NO OFICIAL,FIN DE SEMANA,40,37
OFICIAL,FIN DE SEMANA,40,37
OFICIAL,COMPLETA,40,37
OFICIAL,COMPLETA,40,37
OFICIAL,NOCTURNA,41,37
NO OFICIAL,COMPLETA,41,37
OFICIAL,NOCTURNA,41,37
OFICIAL,FIN DE SEMANA,41,37
NO OFICIAL,FIN DE SEMANA,41,37
OFICIAL,FIN DE SEMANA,41,37
OFICIAL,COMPLETA,41,37
OFICIAL,FIN DE SEMANA,41,37
OFICIAL,NOCTURNA,41,37
OFICIAL,MANANA,42,37
OFICIAL,FIN DE SEMANA,42,37
NO OFICIAL,FIN DE SEMANA,42,37
OFICIAL,TARDE,42,37
NO OFICIAL,FIN DE SEMANA,42,37
OFICIAL,FIN DE SEMANA,42,37
OFICIAL,MANANA,42,37
OFICIAL,MANANA,42,37
OFICIAL,MANANA,42,37
NO OFICIAL,FIN DE SEMANA,42,37
OFICIAL,FIN DE SEMANA,42,37
NO OFICIAL,NOCTURNA,42,37
OFICIAL,COMPLETA,43,37
OFICIAL,COMPLETA,43,37
OFICIAL,COMPLETA,43,37
OFICIAL,COMPLETA,43,37
NO OFICIAL,FIN DE SEMANA,43,37
NO OFICIAL,FIN DE SEMANA,43,37
NO OFICIAL,NOCTURNA,43,37
OFICIAL,MANANA,43,37
OFICIAL,COMPLETA,43,37
OFICIAL,COMPLETA,44,37
OFICIAL,MANANA,44,37
OFICIAL,FIN DE SEMANA,44,37
OFICIAL,NOCTURNA,44,37
OFICIAL,NOCTURNA,44,37
OFICIAL,COMPLETA,44,37
OFICIAL,UNICA,45,37
OFICIAL,COMPLETA,45,37
OFICIAL,COMPLETA,45,37
OFICIAL,NOCTURNA,45,37
OFICIAL,COMPLETA,47,37
OFICIAL,COMPLETA,32,38
OFICIAL,COMPLETA,34,38
OFICIAL,COMPLETA,37,38
OFICIAL,COMPLETA,38,38
OFICIAL,COMPLETA,38,38
OFICIAL,COMPLETA,38,38
OFICIAL,COMPLETA,39,38
OFICIAL,FIN DE SEMANA,40,38
OFICIAL,NOCTURNA,41,38
OFICIAL,COMPLETA,41,38
OFICIAL,NOCTURNA,41,38
OFICIAL,FIN DE SEMANA,41,38
NO OFICIAL,FIN DE SEMANA,41,38
OFICIAL,TARDE,41,38
OFICIAL,COMPLETA,41,38
OFICIAL,FIN DE SEMANA,41,38
OFICIAL,COMPLETA,42,38
OFICIAL,NOCTURNA,42,38
OFICIAL,MANANA,42,38
OFICIAL,MANANA,42,38
OFICIAL,NOCTURNA,42,38
OFICIAL,TARDE,42,38
OFICIAL,COMPLETA,42,38
OFICIAL,FIN DE SEMANA,42,38
OFICIAL,COMPLETA,43,38
OFICIAL,NOCTURNA,43,38
OFICIAL,FIN DE SEMANA,43,38
OFICIAL,FIN DE SEMANA,43,38
OFICIAL,FIN DE SEMANA,43,38
NO OFICIAL,FIN DE SEMANA,43,38
NO OFICIAL,MANANA,43,38
OFICIAL,MANANA,43,38
OFICIAL,FIN DE SEMANA,43,38
OFICIAL,COMPLETA,43,38
NO OFICIAL,COMPLETA,43,38
OFICIAL,FIN DE SEMANA,44,38
OFICIAL,NOCTURNA,44,38
OFICIAL,COMPLETA,44,38
OFICIAL,TARDE,44,38
OFICIAL,TARDE,44,38
OFICIAL,UNICA,44,38
OFICIAL,COMPLETA,44,38
OFICIAL,COMPLETA,44,38
OFICIAL,NOCTURNA,44,38
OFICIAL,NOCTURNA,44,38
OFICIAL,NOCTURNA,44,38
OFICIAL,UNICA,44,38
OFICIAL,FIN DE SEMANA,44,38
NO OFICIAL,TARDE,44,38
OFICIAL,MANANA,45,38
OFICIAL,COMPLETA,45,38
OFICIAL,MANANA,45,38
OFICIAL,COMPLETA,45,38
OFICIAL,COMPLETA,45,38
OFICIAL,NOCTURNA,45,38
OFICIAL,NOCTURNA,46,38
OFICIAL,FIN DE SEMANA,47,38
OFICIAL,COMPLETA,50,38
OFICIAL,COMPLETA,37,39
OFICIAL,NOCTURNA,38,39
OFICIAL,TARDE,40,39
OFICIAL,COMPLETA,40,39
OFICIAL,NOCTURNA,41,39
OFICIAL,COMPLETA,41,39
OFICIAL,COMPLETA,41,39
OFICIAL,FIN DE SEMANA,41,39
OFICIAL,NOCTURNA,41,39
OFICIAL,NOCTURNA,41,39
OFICIAL,COMPLETA,42,39
OFICIAL,FIN DE SEMANA,42,39
OFICIAL,NOCTURNA,42,39
OFICIAL,FIN DE SEMANA,42,39
OFICIAL,FIN DE SEMANA,42,39
OFICIAL,TARDE,42,39
OFICIAL,COMPLETA,42,39
NO OFICIAL,NOCTURNA,42,39
OFICIAL,MANANA,42,39
OFICIAL,COMPLETA,42,39
OFICIAL,FIN DE SEMANA,42,39
OFICIAL,MANANA,43,39
OFICIAL,FIN DE SEMANA,43,39
OFICIAL,FIN DE SEMANA,43,39
OFICIAL,MANANA,43,39
OFICIAL,COMPLETA,43,39
OFICIAL,MANANA,43,39
OFICIAL,MANANA,43,39
OFICIAL,FIN DE SEMANA,43,39
OFICIAL,FIN DE SEMANA,43,39
OFICIAL,FIN DE SEMANA,43,39
NO OFICIAL,MANANA,43,39
OFICIAL,FIN DE SEMANA,43,39
OFICIAL,FIN DE SEMANA,43,39
OFICIAL,MANANA,43,39
OFICIAL,FIN DE SEMANA,43,39
OFICIAL,FIN DE SEMANA,43,39
OFICIAL,COMPLETA,43,39
OFICIAL,FIN DE SEMANA,44,39
NO OFICIAL,FIN DE SEMANA,44,39
OFICIAL,MANANA,44,39
NO OFICIAL,NOCTURNA,44,39
OFICIAL,FIN DE SEMANA,44,39
OFICIAL,COMPLETA,44,39
NO OFICIAL,FIN DE SEMANA,44,39
OFICIAL,FIN DE SEMANA,44,39
OFICIAL,FIN DE SEMANA,44,39
NO OFICIAL,FIN DE SEMANA,44,39
OFICIAL,NOCTURNA,44,39
OFICIAL,COMPLETA,44,39
OFICIAL,MANANA,44,39
OFICIAL,NOCTURNA,44,39
OFICIAL,COMPLETA,44,39
OFICIAL,COMPLETA,44,39
OFICIAL,COMPLETA,44,39
OFICIAL,NOCTURNA,45,39
NO OFICIAL,FIN DE SEMANA,45,39
OFICIAL,FIN DE SEMANA,45,39
NO OFICIAL,MANANA,45,39
OFICIAL,COMPLETA,45,39
OFICIAL,TARDE,45,39
OFICIAL,NOCTURNA,45,39
OFICIAL,COMPLETA,45,39
OFICIAL,TARDE,45,39
OFICIAL,FIN DE SEMANA,45,39
NO OFICIAL,FIN DE SEMANA,45,39
OFICIAL,NOCTURNA,46,39
OFICIAL,TARDE,46,39
OFICIAL,MANANA,46,39
OFICIAL,COMPLETA,46,39
OFICIAL,COMPLETA,46,39
OFICIAL,NOCTURNA,47,39
OFICIAL,COMPLETA,48,39
OFICIAL,COMPLETA,49,39
OFICIAL,COMPLETA,40,40
OFICIAL,COMPLETA,42,40
OFICIAL,COMPLETA,42,40
OFICIAL,COMPLETA,42,40
OFICIAL,NOCTURNA,42,40
OFICIAL,COMPLETA,42,40
OFICIAL,COMPLETA,42,40
OFICIAL,FIN DE SEMANA,42,40
OFICIAL,COMPLETA,42,40
OFICIAL,COMPLETA,42,40
OFICIAL,COMPLETA,42,40
OFICIAL,MANANA,42,40
OFICIAL,NOCTURNA,42,40
OFICIAL,MANANA,43,40
OFICIAL,COMPLETA,43,40
OFICIAL,NOCTURNA,43,40
OFICIAL,NOCTURNA,43,40
OFICIAL,MANANA,43,40
OFICIAL,COMPLETA,43,40
NO OFICIAL,MANANA,43,40
OFICIAL,MANANA,43,40
OFICIAL,COMPLETA,43,40
OFICIAL,NOCTURNA,43,40
OFICIAL,COMPLETA,43,40
OFICIAL,MANANA,44,40
OFICIAL,NOCTURNA,44,40
OFICIAL,COMPLETA,44,40
OFICIAL,COMPLETA,44,40
NO OFICIAL,FIN DE SEMANA,44,40
OFICIAL,FIN DE SEMANA,44,40
OFICIAL,MANANA,44,40
OFICIAL,FIN DE SEMANA,44,40
OFICIAL,COMPLETA,44,40
OFICIAL,COMPLETA,44,40
OFICIAL,COMPLETA,44,40
OFICIAL,NOCTURNA,44,40
OFICIAL,FIN DE SEMANA,45,40
NO OFICIAL,MANANA,45,40
OFICIAL,COMPLETA,45,40
NO OFICIAL,TARDE,45,40
OFICIAL,COMPLETA,45,40
OFICIAL,MANANA,45,40
OFICIAL,NOCTURNA,45,40
NO OFICIAL,FIN DE SEMANA,45,40
OFICIAL,COMPLETA,45,40
OFICIAL,FIN DE SEMANA,45,40
OFICIAL,TARDE,45,40
OFICIAL,COMPLETA,45,40
OFICIAL,MANANA,46,40
NO OFICIAL,TARDE,46,40
NO OFICIAL,COMPLETA,46,40
OFICIAL,MANANA,46,40
OFICIAL,COMPLETA,46,40
OFICIAL,COMPLETA,46,40
OFICIAL,MANANA,47,40
OFICIAL,COMPLETA,47,40
NO OFICIAL,FIN DE SEMANA,48,40
OFICIAL,COMPLETA,49,40
NO OFICIAL,NOCTURNA,51,40
OFICIAL,COMPLETA,39,41
OFICIAL,COMPLETA,41,41
OFICIAL,COMPLETA,41,41
OFICIAL,MANANA,42,41
OFICIAL,COMPLETA,42,41
OFICIAL,COMPLETA,42,41
OFICIAL,COMPLETA,42,41
OFICIAL,COMPLETA,42,41
OFICIAL,COMPLETA,42,41
OFICIAL,COMPLETA,42,41
OFICIAL,COMPLETA,42,41
OFICIAL,FIN DE SEMANA,42,41
OFICIAL,COMPLETA,43,41
OFICIAL,FIN DE SEMANA,43,41
OFICIAL,COMPLETA,43,41
OFICIAL,COMPLETA,43,41
OFICIAL,FIN DE SEMANA,43,41
OFICIAL,COMPLETA,43,41
OFICIAL,COMPLETA,43,41
OFICIAL,COMPLETA,43,41
OFICIAL,FIN DE SEMANA,43,41
OFICIAL,COMPLETA,44,41
OFICIAL,COMPLETA,44,41
OFICIAL,FIN DE SEMANA,44,41
OFICIAL,COMPLETA,44,41
OFICIAL,COMPLETA,44,41
OFICIAL,FIN DE SEMANA,44,41
OFICIAL,COMPLETA,44,41
OFICIAL,COMPLETA,44,41
OFICIAL,COMPLETA,44,41
OFICIAL,FIN DE SEMANA,44,41
OFICIAL,MANANA,44,41
OFICIAL,NOCTURNA,44,41
NO OFICIAL,NOCTURNA,44,41
OFICIAL,COMPLETA,44,41
NO OFICIAL,TARDE,44,41
OFICIAL,COMPLETA,44,41
OFICIAL,MANANA,44,41
OFICIAL,COMPLETA,44,41
NO OFICIAL,MANANA,45,41
OFICIAL,NOCTURNA,45,41
OFICIAL,NOCTURNA,45,41
NO OFICIAL,FIN DE SEMANA,45,41
NO OFICIAL,FIN DE SEMANA,45,41
OFICIAL,MANANA,45,41
OFICIAL,COMPLETA,45,41
OFICIAL,COMPLETA,45,41
OFICIAL,NOCTURNA,45,41
OFICIAL,COMPLETA,45,41
OFICIAL,NOCTURNA,45,41
OFICIAL,MANANA,45,41
NO OFICIAL,FIN DE SEMANA,45,41
OFICIAL,NOCTURNA,45,41
OFICIAL,NOCTURNA,45,41
OFICIAL,UNICA,45,41
OFICIAL,TARDE,45,41
OFICIAL,TARDE,45,41
OFICIAL,COMPLETA,45,41
NO OFICIAL,FIN DE SEMANA,46,41
OFICIAL,NOCTURNA,46,41
OFICIAL,FIN DE SEMANA,46,41
OFICIAL,NOCTURNA,46,41
OFICIAL,COMPLETA,46,41
OFICIAL,COMPLETA,46,41
OFICIAL,NOCTURNA,46,41
OFICIAL,FIN DE SEMANA,46,41
OFICIAL,NOCTURNA,46,41
OFICIAL,NOCTURNA,46,41
OFICIAL,FIN DE SEMANA,46,41
OFICIAL,FIN DE SEMANA,46,41
OFICIAL,COMPLETA,46,41
OFICIAL,TARDE,46,41
OFICIAL,TARDE,47,41
OFICIAL,COMPLETA,47,41
OFICIAL,FIN DE SEMANA,47,41
OFICIAL,MANANA,47,41
OFICIAL,COMPLETA,47,41
OFICIAL,FIN DE SEMANA,47,41
OFICIAL,FIN DE SEMANA,47,41
OFICIAL,MANANA,47,41
OFICIAL,FIN DE SEMANA,47,41
OFICIAL,COMPLETA,48,41
NO OFICIAL,NOCTURNA,48,41
OFICIAL,NOCTURNA,48,41
OFICIAL,COMPLETA,48,41
OFICIAL,FIN DE SEMANA,49,41
OFICIAL,FIN DE SEMANA,49,41
OFICIAL,COMPLETA,49,41
OFICIAL,MANANA,49,41
OFICIAL,TARDE,50,41
NO OFICIAL,MANANA,52,41
OFICIAL,TARDE,41,42
OFICIAL,COMPLETA,41,42
OFICIAL,COMPLETA,42,42
OFICIAL,MANANA,43,42
OFICIAL,COMPLETA,43,42
OFICIAL,COMPLETA,43,42
OFICIAL,MANANA,43,42
OFICIAL,NOCTURNA,43,42
OFICIAL,COMPLETA,43,42
NO OFICIAL,FIN DE SEMANA,43,42
OFICIAL,COMPLETA,43,42
OFICIAL,COMPLETA,43,42
OFICIAL,COMPLETA,44,42
OFICIAL,COMPLETA,44,42
OFICIAL,MANANA,44,42
OFICIAL,MANANA,44,42
NO OFICIAL,FIN DE SEMANA,44,42
OFICIAL,NOCTURNA,44,42
OFICIAL,MANANA,45,42
OFICIAL,COMPLETA,45,42
OFICIAL,MANANA,45,42
OFICIAL,COMPLETA,45,42
OFICIAL,FIN DE SEMANA,45,42
OFICIAL,COMPLETA,45,42
OFICIAL,NOCTURNA,45,42
OFICIAL,FIN DE SEMANA,45,42
OFICIAL,NOCTURNA,45,42
OFICIAL,MANANA,45,42
OFICIAL,NOCTURNA,45,42
OFICIAL,COMPLETA,45,42
OFICIAL,NOCTURNA,45,42
OFICIAL,NOCTURNA,45,42
OFICIAL,NOCTURNA,45,42
OFICIAL,COMPLETA,45,42
NO OFICIAL,MANANA,45,42
OFICIAL,COMPLETA,45,42
OFICIAL,COMPLETA,45,42
NO OFICIAL,FIN DE SEMANA,45,42
OFICIAL,UNICA,46,42
OFICIAL,MANANA,46,42
OFICIAL,MANANA,46,42
OFICIAL,COMPLETA,46,42
OFICIAL,NOCTURNA,46,42
OFICIAL,MANANA,46,42
OFICIAL,MANANA,46,42
OFICIAL,NOCTURNA,46,42
NO OFICIAL,TARDE,46,42
OFICIAL,NOCTURNA,46,42
OFICIAL,NOCTURNA,46,42
OFICIAL,FIN DE SEMANA,46,42
NO OFICIAL,FIN DE SEMANA,46,42
OFICIAL,NOCTURNA,46,42
OFICIAL,MANANA,46,42
OFICIAL,FIN DE SEMANA,46,42
OFICIAL,COMPLETA,46,42
OFICIAL,FIN DE SEMANA,46,42
OFICIAL,COMPLETA,46,42
OFICIAL,COMPLETA,46,42
OFICIAL,MANANA,46,42
OFICIAL,NOCTURNA,46,42
NO OFICIAL,FIN DE SEMANA,46,42
OFICIAL,MANANA,46,42
OFICIAL,TARDE,46,42
OFICIAL,COMPLETA,47,42
NO OFICIAL,MANANA,47,42
OFICIAL,NOCTURNA,47,42
OFICIAL,MANANA,47,42
OFICIAL,UNICA,47,42
OFICIAL,MANANA,47,42
OFICIAL,MANANA,47,42
NO OFICIAL,MANANA,47,42
NO OFICIAL,MANANA,47,42
OFICIAL,FIN DE SEMANA,47,42
OFICIAL,TARDE,47,42
OFICIAL,NOCTURNA,47,42
NO OFICIAL,MANANA,47,42
OFICIAL,COMPLETA,47,42
OFICIAL,MANANA,47,42
OFICIAL,UNICA,47,42
OFICIAL,COMPLETA,48,42
OFICIAL,NOCTURNA,48,42
NO OFICIAL,FIN DE SEMANA,48,42
OFICIAL,COMPLETA,48,42
OFICIAL,NOCTURNA,48,42
OFICIAL,MANANA,48,42
OFICIAL,UNICA,48,42
OFICIAL,COMPLETA,48,42
OFICIAL,COMPLETA,49,42
OFICIAL,FIN DE SEMANA,49,42
OFICIAL,COMPLETA,49,42
OFICIAL,NOCTURNA,49,42
OFICIAL,NOCTURNA,49,42
OFICIAL,FIN DE SEMANA,49,42
OFICIAL,NOCTURNA,50,42
OFICIAL,COMPLETA,50,42
OFICIAL,COMPLETA,50,42
OFICIAL,COMPLETA,36,43
OFICIAL,NOCTURNA,41,43
OFICIAL,COMPLETA,42,43
OFICIAL,COMPLETA,42,43
OFICIAL,COMPLETA,42,43
OFICIAL,COMPLETA,42,43
OFICIAL,MANANA,43,43
OFICIAL,COMPLETA,43,43
OFICIAL,NOCTURNA,43,43
OFICIAL,UNICA,43,43
OFICIAL,COMPLETA,44,43
OFICIAL,COMPLETA,44,43
OFICIAL,COMPLETA,44,43
OFICIAL,MANANA,44,43
OFICIAL,FIN DE SEMANA,45,43
OFICIAL,NOCTURNA,45,43
OFICIAL,COMPLETA,45,43
OFICIAL,COMPLETA,45,43
OFICIAL,COMPLETA,45,43
OFICIAL,NOCTURNA,45,43
OFICIAL,MANANA,45,43
NO OFICIAL,FIN DE SEMANA,45,43
OFICIAL,COMPLETA,45,43
OFICIAL,FIN DE SEMANA,45,43
OFICIAL,FIN DE SEMANA,45,43
OFICIAL,COMPLETA,45,43
OFICIAL,COMPLETA,45,43
OFICIAL,COMPLETA,45,43
OFICIAL,TARDE,46,43
OFICIAL,FIN DE SEMANA,46,43
OFICIAL,COMPLETA,46,43
OFICIAL,NOCTURNA,46,43
OFICIAL,NOCTURNA,46,43
OFICIAL,MANANA,46,43
OFICIAL,COMPLETA,46,43
OFICIAL,COMPLETA,46,43
OFICIAL,MANANA,46,43
OFICIAL,COMPLETA,46,43
OFICIAL,COMPLETA,46,43
OFICIAL,MANANA,46,43
OFICIAL,COMPLETA,46,43
OFICIAL,UNICA,46,43
OFICIAL,NOCTURNA,46,43
OFICIAL,FIN DE SEMANA,46,43
OFICIAL,COMPLETA,46,43
OFICIAL,MANANA,47,43
NO OFICIAL,MANANA,47,43
OFICIAL,COMPLETA,47,43
OFICIAL,COMPLETA,47,43
OFICIAL,MANANA,47,43
OFICIAL,NOCTURNA,47,43
OFICIAL,COMPLETA,47,43
OFICIAL,COMPLETA,47,43
OFICIAL,COMPLETA,47,43
OFICIAL,MANANA,47,43
NO OFICIAL,FIN DE SEMANA,47,43
OFICIAL,NOCTURNA,47,43
OFICIAL,FIN DE SEMANA,47,43
OFICIAL,COMPLETA,48,43
OFICIAL,NOCTURNA,48,43
OFICIAL,COMPLETA,48,43
NO OFICIAL,MANANA,48,43
OFICIAL,NOCTURNA,48,43
NO OFICIAL,MANANA,48,43
NO OFICIAL,FIN DE SEMANA,48,43
OFICIAL,MANANA,48,43
OFICIAL,MANANA,48,43
OFICIAL,MANANA,48,43
NO OFICIAL,TARDE,48,43
OFICIAL,NOCTURNA,49,43
NO OFICIAL,MANANA,49,43
OFICIAL,MANANA,49,43
OFICIAL,COMPLETA,49,43
OFICIAL,UNICA,49,43
OFICIAL,UNICA,49,43
OFICIAL,NOCTURNA,49,43
OFICIAL,MANANA,49,43
OFICIAL,FIN DE SEMANA,49,43
OFICIAL,NOCTURNA,50,43
OFICIAL,COMPLETA,50,43
OFICIAL,MANANA,50,43
OFICIAL,UNICA,50,43
NO OFICIAL,FIN DE SEMANA,50,43
OFICIAL,COMPLETA,50,43
OFICIAL,UNICA,50,43
NO OFICIAL,TARDE,50,43
OFICIAL,COMPLETA,51,43
OFICIAL,COMPLETA,39,44
OFICIAL,NOCTURNA,42,44
OFICIAL,NOCTURNA,43,44
OFICIAL,NOCTURNA,44,44
OFICIAL,COMPLETA,44,44
OFICIAL,MANANA,44,44
OFICIAL,NOCTURNA,44,44
NO OFICIAL,MANANA,45,44
OFICIAL,COMPLETA,45,44
OFICIAL,COMPLETA,45,44
OFICIAL,COMPLETA,45,44
OFICIAL,COMPLETA,46,44
OFICIAL,COMPLETA,46,44
NO OFICIAL,MANANA,46,44
OFICIAL,MANANA,46,44
OFICIAL,MANANA,46,44
OFICIAL,MANANA,46,44
OFICIAL,COMPLETA,46,44
OFICIAL,NOCTURNA,46,44
OFICIAL,COMPLETA,46,44
OFICIAL,COMPLETA,46,44
OFICIAL,FIN DE SEMANA,46,44
OFICIAL,COMPLETA,46,44
OFICIAL,COMPLETA,46,44
OFICIAL,COMPLETA,46,44
OFICIAL,TARDE,47,44
OFICIAL,MANANA,47,44
OFICIAL,FIN DE SEMANA,47,44
OFICIAL,NOCTURNA,47,44
OFICIAL,MANANA,47,44
OFICIAL,NOCTURNA,47,44
OFICIAL,COMPLETA,47,44
OFICIAL,FIN DE SEMANA,47,44
OFICIAL,COMPLETA,47,44
OFICIAL,NOCTURNA,47,44
OFICIAL,COMPLETA,47,44
OFICIAL,MANANA,47,44
OFICIAL,MANANA,48,44
NO OFICIAL,MANANA,48,44
OFICIAL,UNICA,48,44
OFICIAL,COMPLETA,48,44
OFICIAL,NOCTURNA,48,44
OFICIAL,NOCTURNA,48,44
OFICIAL,NOCTURNA,48,44
OFICIAL,COMPLETA,48,44
OFICIAL,COMPLETA,48,44
OFICIAL,COMPLETA,48,44
NO OFICIAL,FIN DE SEMANA,48,44
OFICIAL,NOCTURNA,48,44
OFICIAL,NOCTURNA,48,44
OFICIAL,COMPLETA,48,44
OFICIAL,COMPLETA,48,44
OFICIAL,NOCTURNA,49,44
NO OFICIAL,FIN DE SEMANA,49,44
OFICIAL,COMPLETA,49,44
OFICIAL,MANANA,49,44
OFICIAL,TARDE,49,44
OFICIAL,COMPLETA,49,44
OFICIAL,COMPLETA,49,44
NO OFICIAL,FIN DE SEMANA,49,44
NO OFICIAL,TARDE,49,44
OFICIAL,MANANA,50,44
OFICIAL,TARDE,50,44
OFICIAL,TARDE,50,44
NO OFICIAL,FIN DE SEMANA,50,44
OFICIAL,MANANA,50,44
NO OFICIAL,TARDE,50,44
OFICIAL,COMPLETA,51,44
OFICIAL,COMPLETA,51,44
OFICIAL,COMPLETA,51,44
NO OFICIAL,TARDE,51,44
NO OFICIAL,MANANA,53,44
OFICIAL,TARDE,54,44
OFICIAL,COMPLETA,36,45
OFICIAL,COMPLETA,40,45
OFICIAL,COMPLETA,43,45
OFICIAL,COMPLETA,45,45
OFICIAL,COMPLETA,45,45
OFICIAL,COMPLETA,45,45
OFICIAL,UNICA,45,45
OFICIAL,NOCTURNA,45,45
OFICIAL,MANANA,46,45
OFICIAL,COMPLETA,46,45
OFICIAL,MANANA,46,45
OFICIAL,MANANA,46,45
OFICIAL,NOCTURNA,46,45
OFICIAL,COMPLETA,46,45
OFICIAL,MANANA,46,45
OFICIAL,COMPLETA,47,45
OFICIAL,MANANA,47,45
OFICIAL,COMPLETA,47,45
OFICIAL,MANANA,47,45
OFICIAL,NOCTURNA,47,45
NO OFICIAL,MANANA,47,45
OFICIAL,COMPLETA,47,45
OFICIAL,UNICA,48,45
OFICIAL,COMPLETA,48,45
NO OFICIAL,MANANA,48,45
OFICIAL,TARDE,48,45
OFICIAL,MANANA,48,45
OFICIAL,MANANA,48,45
OFICIAL,TARDE,48,45
OFICIAL,TARDE,48,45
NO OFICIAL,FIN DE SEMANA,48,45
OFICIAL,COMPLETA,48,45
OFICIAL,MANANA,48,45
OFICIAL,NOCTURNA,48,45
OFICIAL,MANANA,48,45
OFICIAL,MANANA,49,45
OFICIAL,NOCTURNA,49,45
OFICIAL,MANANA,49,45
OFICIAL,TARDE,49,45
OFICIAL,MANANA,49,45
OFICIAL,MANANA,49,45
OFICIAL,UNICA,49,45
OFICIAL,UNICA,49,45
OFICIAL,NOCTURNA,49,45
NO OFICIAL,MANANA,49,45
OFICIAL,TARDE,49,45
NO OFICIAL,MANANA,49,45
OFICIAL,TARDE,49,45
OFICIAL,MANANA,49,45
OFICIAL,TARDE,49,45
OFICIAL,NOCTURNA,49,45
OFICIAL,COMPLETA,49,45
OFICIAL,MANANA,49,45
OFICIAL,MANANA,49,45
OFICIAL,COMPLETA,49,45
OFICIAL,COMPLETA,49,45
OFICIAL,UNICA,49,45
OFICIAL,COMPLETA,50,45
NO OFICIAL,FIN DE SEMANA,50,45
NO OFICIAL,FIN DE SEMANA,50,45
OFICIAL,COMPLETA,50,45
OFICIAL,COMPLETA,50,45
OFICIAL,COMPLETA,50,45
OFICIAL,UNICA,50,45
NO OFICIAL,MANANA,50,45
OFICIAL,COMPLETA,50,45
NO OFICIAL,MANANA,50,45
OFICIAL,UNICA,50,45
NO OFICIAL,FIN DE SEMANA,50,45
OFICIAL,COMPLETA,50,45
OFICIAL,TARDE,50,45
NO OFICIAL,MANANA,51,45
NO OFICIAL,TARDE,51,45
OFICIAL,TARDE,51,45
OFICIAL,TARDE,51,45
NO OFICIAL,FIN DE SEMANA,51,45
OFICIAL,MANANA,51,45
OFICIAL,COMPLETA,51,45
OFICIAL,COMPLETA,51,45
OFICIAL,TARDE,52,45
NO OFICIAL,TARDE,52,45
OFICIAL,MANANA,52,45
OFICIAL,COMPLETA,53,45
OFICIAL,MANANA,57,45
OFICIAL,COMPLETA,43,46
OFICIAL,COMPLETA,44,46
OFICIAL,COMPLETA,44,46
OFICIAL,NOCTURNA,45,46
OFICIAL,COMPLETA,45,46
OFICIAL,COMPLETA,45,46
OFICIAL,COMPLETA,45,46
OFICIAL,TARDE,46,46
OFICIAL,COMPLETA,46,46
OFICIAL,TARDE,46,46
OFICIAL,COMPLETA,46,46
OFICIAL,TARDE,47,46
OFICIAL,COMPLETA,47,46
OFICIAL,NOCTURNA,47,46
OFICIAL,COMPLETA,47,46
OFICIAL,MANANA,47,46
OFICIAL,COMPLETA,47,46
OFICIAL,COMPLETA,47,46
OFICIAL,COMPLETA,47,46
OFICIAL,FIN DE SEMANA,47,46
OFICIAL,MANANA,48,46
OFICIAL,MANANA,48,46
OFICIAL,COMPLETA,48,46
NO OFICIAL,FIN DE SEMANA,48,46
OFICIAL,MANANA,48,46
OFICIAL,COMPLETA,48,46
OFICIAL,COMPLETA,48,46
OFICIAL,NOCTURNA,48,46
OFICIAL,MANANA,49,46
OFICIAL,MANANA,49,46
OFICIAL,COMPLETA,49,46
OFICIAL,COMPLETA,49,46
OFICIAL,UNICA,49,46
OFICIAL,NOCTURNA,49,46
OFICIAL,COMPLETA,49,46
NO OFICIAL,FIN DE SEMANA,49,46
OFICIAL,MANANA,49,46
OFICIAL,FIN DE SEMANA,49,46
OFICIAL,COMPLETA,49,46
OFICIAL,TARDE,49,46
OFICIAL,TARDE,50,46
OFICIAL,UNICA,50,46
NO OFICIAL,MANANA,50,46
OFICIAL,UNICA,50,46
NO OFICIAL,MANANA,50,46
NO OFICIAL,MANANA,50,46
OFICIAL,MANANA,50,46
OFICIAL,MANANA,50,46
NO OFICIAL,FIN DE SEMANA,50,46
OFICIAL,COMPLETA,50,46
OFICIAL,MANANA,50,46
OFICIAL,COMPLETA,50,46
NO OFICIAL,MANANA,51,46
OFICIAL,MANANA,51,46
OFICIAL,COMPLETA,51,46
OFICIAL,MANANA,51,46
OFICIAL,MANANA,51,46
OFICIAL,UNICA,51,46
OFICIAL,COMPLETA,51,46
OFICIAL,UNICA,51,46
OFICIAL,NOCTURNA,51,46
OFICIAL,UNICA,51,46
OFICIAL,TARDE,51,46
OFICIAL,UNICA,51,46
OFICIAL,COMPLETA,51,46
OFICIAL,NOCTURNA,51,46
OFICIAL,UNICA,51,46
OFICIAL,MANANA,51,46
NO OFICIAL,MANANA,52,46
OFICIAL,NOCTURNA,52,46
OFICIAL,MANANA,52,46
OFICIAL,TARDE,52,46
OFICIAL,MANANA,52,46
OFICIAL,UNICA,52,46
OFICIAL,COMPLETA,52,46
OFICIAL,MANANA,53,46
NO OFICIAL,MANANA,53,46
NO OFICIAL,MANANA,54,46
NO OFICIAL,COMPLETA,43,47
OFICIAL,COMPLETA,43,47
OFICIAL,COMPLETA,44,47
OFICIAL,COMPLETA,44,47
OFICIAL,MANANA,46,47
OFICIAL,MANANA,46,47
OFICIAL,NOCTURNA,46,47
OFICIAL,MANANA,47,47
OFICIAL,COMPLETA,47,47
OFICIAL,COMPLETA,47,47
OFICIAL,MANANA,48,47
OFICIAL,COMPLETA,48,47
OFICIAL,COMPLETA,48,47
OFICIAL,FIN DE SEMANA,49,47
OFICIAL,COMPLETA,49,47
OFICIAL,COMPLETA,49,47
OFICIAL,MANANA,49,47
OFICIAL,MANANA,49,47
OFICIAL,COMPLETA,49,47
OFICIAL,UNICA,49,47
OFICIAL,TARDE,49,47
OFICIAL,COMPLETA,49,47
OFICIAL,MANANA,49,47
OFICIAL,COMPLETA,49,47
NO OFICIAL,FIN DE SEMANA,50,47
OFICIAL,MANANA,50,47
OFICIAL,COMPLETA,50,47
OFICIAL,MANANA,50,47
NO OFICIAL,MANANA,50,47
NO OFICIAL,MANANA,50,47
OFICIAL,COMPLETA,50,47
OFICIAL,COMPLETA,50,47
OFICIAL,UNICA,50,47
OFICIAL,COMPLETA,50,47
OFICIAL,COMPLETA,50,47
OFICIAL,COMPLETA,50,47
OFICIAL,MANANA,50,47
OFICIAL,TARDE,50,47
OFICIAL,MANANA,50,47
OFICIAL,TARDE,50,47
OFICIAL,MANANA,50,47
OFICIAL,MANANA,50,47
OFICIAL,COMPLETA,50,47
OFICIAL,TARDE,51,47
OFICIAL,NOCTURNA,51,47
OFICIAL,UNICA,51,47
OFICIAL,COMPLETA,51,47
OFICIAL,COMPLETA,51,47
OFICIAL,TARDE,51,47
OFICIAL,MANANA,51,47
OFICIAL,MANANA,51,47
NO OFICIAL,MANANA,51,47
OFICIAL,COMPLETA,51,47
OFICIAL,TARDE,51,47
OFICIAL,MANANA,51,47
OFICIAL,UNICA,51,47
NO OFICIAL,COMPLETA,51,47
OFICIAL,COMPLETA,51,47
OFICIAL,MANANA,51,47
OFICIAL,COMPLETA,51,47
OFICIAL,TARDE,51,47
OFICIAL,MANANA,51,47
OFICIAL,UNICA,51,47
OFICIAL,MANANA,52,47
OFICIAL,MANANA,52,47
OFICIAL,UNICA,52,47
OFICIAL,MANANA,52,47
NO OFICIAL,MANANA,52,47
OFICIAL,UNICA,52,47
OFICIAL,MANANA,52,47
NO OFICIAL,TARDE,52,47
NO OFICIAL,MANANA,52,47
OFICIAL,UNICA,53,47
OFICIAL,MANANA,53,47
OFICIAL,NOCTURNA,53,47
NO OFICIAL,FIN DE SEMANA,53,47
OFICIAL,MANANA,53,47
OFICIAL,UNICA,53,47
OFICIAL,TARDE,53,47
OFICIAL,MANANA,53,47
OFICIAL,UNICA,54,47
OFICIAL,COMPLETA,54,47
OFICIAL,MANANA,54,47
NO OFICIAL,MANANA,55,47
OFICIAL,COMPLETA,56,47
NO OFICIAL,COMPLETA,57,47
OFICIAL,COMPLETA,38,48
OFICIAL,COMPLETA,45,48
OFICIAL,COMPLETA,46,48
OFICIAL,COMPLETA,46,48
OFICIAL,COMPLETA,47,48
OFICIAL,COMPLETA,47,48
OFICIAL,COMPLETA,48,48
OFICIAL,COMPLETA,48,48
OFICIAL,TARDE,48,48
OFICIAL,COMPLETA,49,48
OFICIAL,COMPLETA,49,48
OFICIAL,UNICA,49,48
OFICIAL,MANANA,49,48
OFICIAL,MANANA,49,48
OFICIAL,UNICA,49,48
OFICIAL,COMPLETA,50,48
OFICIAL,MANANA,50,48
OFICIAL,COMPLETA,50,48
OFICIAL,COMPLETA,50,48
OFICIAL,COMPLETA,50,48
OFICIAL,UNICA,50,48
OFICIAL,MANANA,50,48
OFICIAL,MANANA,50,48
OFICIAL,COMPLETA,50,48
OFICIAL,NOCTURNA,50,48
OFICIAL,COMPLETA,50,48
OFICIAL,UNICA,50,48
OFICIAL,COMPLETA,50,48
OFICIAL,COMPLETA,50,48
OFICIAL,TARDE,50,48
OFICIAL,MANANA,50,48
NO OFICIAL,MANANA,50,48
OFICIAL,MANANA,50,48
OFICIAL,MANANA,51,48
OFICIAL,MANANA,51,48
NO OFICIAL,MANANA,51,48
OFICIAL,UNICA,51,48
NO OFICIAL,MANANA,51,48
OFICIAL,COMPLETA,51,48
OFICIAL,MANANA,51,48
OFICIAL,COMPLETA,51,48
OFICIAL,TARDE,51,48
OFICIAL,COMPLETA,51,48
OFICIAL,MANANA,51,48
NO OFICIAL,MANANA,51,48
OFICIAL,UNICA,51,48
OFICIAL,MANANA,51,48
OFICIAL,COMPLETA,51,48
OFICIAL,MANANA,52,48
OFICIAL,COMPLETA,52,48
OFICIAL,UNICA,52,48
OFICIAL,COMPLETA,52,48
OFICIAL,COMPLETA,52,48
OFICIAL,UNICA,52,48
OFICIAL,MANANA,52,48
OFICIAL,TARDE,52,48
OFICIAL,TARDE,52,48
OFICIAL,UNICA,52,48
OFICIAL,MANANA,52,48
OFICIAL,UNICA,52,48
OFICIAL,UNICA,52,48
OFICIAL,UNICA,52,48
OFICIAL,UNICA,52,48
OFICIAL,UNICA,52,48
OFICIAL,COMPLETA,53,48
OFICIAL,MANANA,53,48
OFICIAL,MANANA,53,48
OFICIAL,COMPLETA,53,48
OFICIAL,UNICA,53,48
OFICIAL,COMPLETA,53,48
OFICIAL,MANANA,53,48
OFICIAL,UNICA,53,48
OFICIAL,MANANA,53,48
NO OFICIAL,NOCTURNA,53,48
NO OFICIAL,FIN DE SEMANA,53,48
OFICIAL,MANANA,53,48
OFICIAL,UNICA,53,48
OFICIAL,COMPLETA,54,48
OFICIAL,MANANA,54,48
OFICIAL,MANANA,54,48
OFICIAL,UNICA,54,48
OFICIAL,MANANA,54,48
OFICIAL,UNICA,55,48
OFICIAL,TARDE,55,48
OFICIAL,MANANA,55,48
NO OFICIAL,FIN DE SEMANA,56,48
NO OFICIAL,MANANA,59,48
OFICIAL,COMPLETA,43,49
OFICIAL,COMPLETA,47,49
OFICIAL,COMPLETA,47,49
OFICIAL,COMPLETA,47,49
OFICIAL,NOCTURNA,48,49
OFICIAL,COMPLETA,48,49
OFICIAL,COMPLETA,48,49
OFICIAL,COMPLETA,48,49
OFICIAL,COMPLETA,49,49
OFICIAL,COMPLETA,50,49
OFICIAL,COMPLETA,50,49
OFICIAL,COMPLETA,50,49
OFICIAL,COMPLETA,50,49
OFICIAL,COMPLETA,50,49
OFICIAL,COMPLETA,50,49
OFICIAL,COMPLETA,50,49
OFICIAL,TARDE,50,49
OFICIAL,MANANA,51,49
OFICIAL,MANANA,51,49
OFICIAL,MANANA,51,49
OFICIAL,UNICA,51,49
OFICIAL,UNICA,51,49
OFICIAL,MANANA,51,49
OFICIAL,MANANA,51,49
OFICIAL,MANANA,51,49
OFICIAL,MANANA,51,49
OFICIAL,COMPLETA,51,49
OFICIAL,UNICA,51,49
OFICIAL,COMPLETA,51,49
OFICIAL,COMPLETA,51,49
OFICIAL,UNICA,51,49
OFICIAL,COMPLETA,51,49
OFICIAL,MANANA,52,49
OFICIAL,COMPLETA,52,49
OFICIAL,UNICA,52,49
OFICIAL,UNICA,52,49
OFICIAL,MANANA,52,49
OFICIAL,COMPLETA,52,49
OFICIAL,MANANA,52,49
OFICIAL,UNICA,52,49
OFICIAL,TARDE,52,49
OFICIAL,COMPLETA,52,49
OFICIAL,MANANA,52,49
OFICIAL,MANANA,52,49
OFICIAL,MANANA,52,49
OFICIAL,TARDE,52,49
OFICIAL,COMPLETA,52,49
OFICIAL,COMPLETA,53,49
OFICIAL,MANANA,53,49
OFICIAL,COMPLETA,53,49
OFICIAL,UNICA,53,49
OFICIAL,MANANA,53,49
OFICIAL,TARDE,53,49
OFICIAL,UNICA,53,49
OFICIAL,UNICA,53,49
OFICIAL,MANANA,53,49
OFICIAL,UNICA,53,49
OFICIAL,UNICA,53,49
OFICIAL,UNICA,53,49
OFICIAL,MANANA,53,49
OFICIAL,UNICA,53,49
NO OFICIAL,COMPLETA,53,49
OFICIAL,COMPLETA,53,49
OFICIAL,COMPLETA,53,49
OFICIAL,COMPLETA,53,49
OFICIAL,MANANA,53,49
OFICIAL,UNICA,53,49
OFICIAL,UNICA,53,49
OFICIAL,UNICA,53,49
OFICIAL,UNICA,54,49
OFICIAL,UNICA,54,49
OFICIAL,MANANA,54,49
OFICIAL,MANANA,54,49
OFICIAL,COMPLETA,54,49
OFICIAL,MANANA,54,49
OFICIAL,UNICA,54,49
OFICIAL,COMPLETA,54,49
OFICIAL,MANANA,54,49
OFICIAL,COMPLETA,54,49
OFICIAL,MANANA,54,49
OFICIAL,UNICA,54,49
OFICIAL,UNICA,54,49
OFICIAL,MANANA,54,49
OFICIAL,MANANA,54,49
OFICIAL,UNICA,54,49
OFICIAL,MANANA,55,49
NO OFICIAL,FIN DE SEMANA,55,49
OFICIAL,COMPLETA,55,49
OFICIAL,UNICA,55,49
OFICIAL,UNICA,55,49
NO OFICIAL,TARDE,55,49
OFICIAL,MANANA,55,49
OFICIAL,MANANA,56,49
NO OFICIAL,COMPLETA,56,49
OFICIAL,UNICA,57,49
OFICIAL,UNICA,58,49
OFICIAL,COMPLETA,45,50
OFICIAL,COMPLETA,48,50
OFICIAL,MANANA,49,50
OFICIAL,COMPLETA,49,50
OFICIAL,TARDE,50,50
OFICIAL,MANANA,50,50
OFICIAL,COMPLETA,50,50
OFICIAL,COMPLETA,50,50
OFICIAL,TARDE,50,50
OFICIAL,UNICA,50,50
OFICIAL,MANANA,50,50
NO OFICIAL,TARDE,51,50
OFICIAL,COMPLETA,51,50
OFICIAL,UNICA,51,50
OFICIAL,COMPLETA,51,50
OFICIAL,UNICA,51,50
OFICIAL,COMPLETA,51,50
OFICIAL,COMPLETA,51,50
OFICIAL,UNICA,51,50
OFICIAL,UNICA,52,50
NO OFICIAL,COMPLETA,52,50
OFICIAL,MANANA,52,50
OFICIAL,COMPLETA,52,50
OFICIAL,MANANA,52,50
OFICIAL,MANANA,52,50
OFICIAL,COMPLETA,52,50
OFICIAL,COMPLETA,52,50
OFICIAL,COMPLETA,52,50
OFICIAL,COMPLETA,52,50
OFICIAL,MANANA,52,50
OFICIAL,UNICA,52,50
OFICIAL,UNICA,52,50
OFICIAL,UNICA,52,50
OFICIAL,COMPLETA,53,50
OFICIAL,UNICA,53,50
OFICIAL,UNICA,53,50
OFICIAL,UNICA,53,50
OFICIAL,MANANA,53,50
OFICIAL,UNICA,53,50
OFICIAL,COMPLETA,53,50
OFICIAL,TARDE,53,50
OFICIAL,TARDE,53,50
OFICIAL,COMPLETA,53,50
OFICIAL,COMPLETA,53,50
OFICIAL,TARDE,53,50
OFICIAL,MANANA,53,50
OFICIAL,TARDE,53,50
OFICIAL,UNICA,53,50
OFICIAL,UNICA,53,50
OFICIAL,COMPLETA,53,50
OFICIAL,MANANA,53,50
OFICIAL,UNICA,53,50
OFICIAL,MANANA,54,50
OFICIAL,UNICA,54,50
OFICIAL,UNICA,54,50
NO OFICIAL,FIN DE SEMANA,54,50
OFICIAL,MANANA,54,50
OFICIAL,MANANA,54,50
OFICIAL,TARDE,54,50
OFICIAL,MANANA,54,50
OFICIAL,COMPLETA,54,50
OFICIAL,UNICA,54,50
OFICIAL,MANANA,54,50
OFICIAL,MANANA,54,50
OFICIAL,UNICA,54,50
OFICIAL,UNICA,54,50
NO OFICIAL,FIN DE SEMANA,54,50
OFICIAL,UNICA,54,50
OFICIAL,MANANA,54,50
OFICIAL,COMPLETA,54,50
OFICIAL,COMPLETA,54,50
OFICIAL,UNICA,55,50
NO OFICIAL,MANANA,55,50
OFICIAL,MANANA,55,50
OFICIAL,UNICA,55,50
NO OFICIAL,MANANA,55,50
OFICIAL,UNICA,55,50
OFICIAL,UNICA,56,50
NO OFICIAL,COMPLETA,56,50
OFICIAL,UNICA,57,50
OFICIAL,UNICA,57,50
NO OFICIAL,MANANA,57,50
NO OFICIAL,COMPLETA,58,50
NO OFICIAL,FIN DE SEMANA,41,51
OFICIAL,COMPLETA,48,51
OFICIAL,TARDE,50,51
OFICIAL,COMPLETA,50,51
OFICIAL,COMPLETA,50,51
OFICIAL,MANANA,51,51
OFICIAL,COMPLETA,51,51
OFICIAL,MANANA,51,51
OFICIAL,MANANA,52,51
NO OFICIAL,UNICA,52,51
NO OFICIAL,FIN DE SEMANA,52,51
OFICIAL,UNICA,52,51
OFICIAL,MANANA,53,51
OFICIAL,COMPLETA,53,51
OFICIAL,MANANA,53,51
OFICIAL,UNICA,53,51
OFICIAL,MANANA,53,51
OFICIAL,COMPLETA,53,51
OFICIAL,MANANA,53,51
OFICIAL,COMPLETA,53,51
OFICIAL,MANANA,53,51
OFICIAL,COMPLETA,53,51
OFICIAL,MANANA,54,51
OFICIAL,MANANA,54,51
OFICIAL,UNICA,54,51
OFICIAL,TARDE,54,51
OFICIAL,TARDE,54,51
OFICIAL,UNICA,54,51
OFICIAL,UNICA,54,51
OFICIAL,COMPLETA,54,51
OFICIAL,MANANA,54,51
OFICIAL,TARDE,54,51
OFICIAL,NOCTURNA,54,51
OFICIAL,MANANA,54,51
OFICIAL,MANANA,54,51
OFICIAL,MANANA,54,51
OFICIAL,UNICA,54,51
OFICIAL,MANANA,54,51
OFICIAL,MANANA,54,51
OFICIAL,UNICA,54,51
NO OFICIAL,COMPLETA,55,51
OFICIAL,TARDE,55,51
OFICIAL,MANANA,55,51
NO OFICIAL,FIN DE SEMANA,55,51
OFICIAL,MANANA,55,51
OFICIAL,UNICA,55,51
NO OFICIAL,MANANA,55,51
OFICIAL,UNICA,55,51
OFICIAL,MANANA,55,51
OFICIAL,MANANA,55,51
OFICIAL,UNICA,55,51
OFICIAL,UNICA,55,51
NO OFICIAL,MANANA,55,51
OFICIAL,TARDE,55,51
OFICIAL,MANANA,55,51
OFICIAL,UNICA,55,51
NO OFICIAL,TARDE,56,51
NO OFICIAL,COMPLETA,56,51
OFICIAL,UNICA,56,51
NO OFICIAL,MANANA,56,51
OFICIAL,MANANA,56,51
OFICIAL,MANANA,56,51
OFICIAL,TARDE,56,51
OFICIAL,COMPLETA,56,51
OFICIAL,MANANA,56,51
OFICIAL,MANANA,56,51
OFICIAL,UNICA,56,51
OFICIAL,TARDE,57,51
OFICIAL,MANANA,57,51
NO OFICIAL,COMPLETA,57,51
NO OFICIAL,COMPLETA,57,51
OFICIAL,COMPLETA,59,51
OFICIAL,COMPLETA,49,52
OFICIAL,COMPLETA,49,52
OFICIAL,COMPLETA,51,52
OFICIAL,TARDE,51,52
OFICIAL,TARDE,51,52
OFICIAL,UNICA,52,52
OFICIAL,MANANA,52,52
OFICIAL,UNICA,53,52
OFICIAL,COMPLETA,53,52
OFICIAL,MANANA,53,52
OFICIAL,TARDE,53,52
OFICIAL,COMPLETA,53,52
OFICIAL,MANANA,54,52
OFICIAL,COMPLETA,54,52
OFICIAL,UNICA,54,52
OFICIAL,UNICA,54,52
OFICIAL,UNICA,54,52
OFICIAL,MANANA,54,52
OFICIAL,MANANA,54,52
OFICIAL,UNICA,54,52
OFICIAL,MANANA,54,52
OFICIAL,UNICA,54,52
OFICIAL,UNICA,54,52
OFICIAL,MANANA,54,52
OFICIAL,UNICA,54,52
OFICIAL,MANANA,55,52
OFICIAL,UNICA,55,52
OFICIAL,COMPLETA,55,52
OFICIAL,UNICA,55,52
OFICIAL,MANANA,55,52
OFICIAL,UNICA,55,52
OFICIAL,MANANA,55,52
OFICIAL,MANANA,56,52
OFICIAL,COMPLETA,56,52
OFICIAL,MANANA,56,52
OFICIAL,MANANA,56,52
OFICIAL,UNICA,56,52
OFICIAL,MANANA,56,52
OFICIAL,MANANA,56,52
OFICIAL,MANANA,56,52
OFICIAL,MANANA,56,52
OFICIAL,UNICA,56,52
OFICIAL,MANANA,56,52
OFICIAL,UNICA,56,52
OFICIAL,UNICA,56,52
OFICIAL,UNICA,56,52
OFICIAL,COMPLETA,56,52
OFICIAL,MANANA,56,52
OFICIAL,UNICA,56,52
OFICIAL,TARDE,57,52
OFICIAL,TARDE,57,52
OFICIAL,UNICA,57,52
OFICIAL,UNICA,57,52
NO OFICIAL,COMPLETA,57,52
NO OFICIAL,COMPLETA,57,52
OFICIAL,MANANA,57,52
OFICIAL,UNICA,57,52
OFICIAL,TARDE,57,52
NO OFICIAL,COMPLETA,57,52
OFICIAL,UNICA,57,52
OFICIAL,TARDE,57,52
OFICIAL,MANANA,57,52
OFICIAL,MANANA,58,52
NO OFICIAL,COMPLETA,58,52
NO OFICIAL,COMPLETA,58,52
OFICIAL,UNICA,59,52
OFICIAL,NOCTURNA,49,53
OFICIAL,COMPLETA,49,53
OFICIAL,COMPLETA,49,53
OFICIAL,MANANA,51,53
OFICIAL,COMPLETA,51,53
OFICIAL,COMPLETA,51,53
OFICIAL,TARDE,52,53
OFICIAL,MANANA,52,53
OFICIAL,MANANA,53,53
OFICIAL,COMPLETA,53,53
OFICIAL,MANANA,53,53
OFICIAL,MANANA,53,53
OFICIAL,UNICA,53,53
OFICIAL,COMPLETA,53,53
OFICIAL,COMPLETA,53,53
OFICIAL,COMPLETA,54,53
OFICIAL,COMPLETA,54,53
OFICIAL,UNICA,54,53
OFICIAL,COMPLETA,54,53
OFICIAL,TARDE,54,53
OFICIAL,COMPLETA,54,53
OFICIAL,MANANA,54,53
OFICIAL,COMPLETA,54,53
OFICIAL,UNICA,54,53
OFICIAL,COMPLETA,54,53
OFICIAL,UNICA,55,53
OFICIAL,NOCTURNA,55,53
OFICIAL,UNICA,55,53
OFICIAL,COMPLETA,55,53
OFICIAL,UNICA,55,53
OFICIAL,UNICA,55,53
NO OFICIAL,MANANA,55,53
OFICIAL,MANANA,55,53
OFICIAL,COMPLETA,55,53
OFICIAL,MANANA,55,53
OFICIAL,TARDE,55,53
OFICIAL,UNICA,56,53
OFICIAL,COMPLETA,56,53
OFICIAL,UNICA,56,53
NO OFICIAL,COMPLETA,56,53
OFICIAL,UNICA,56,53
OFICIAL,COMPLETA,56,53
OFICIAL,COMPLETA,56,53
OFICIAL,UNICA,56,53
OFICIAL,UNICA,56,53
OFICIAL,TARDE,56,53
NO OFICIAL,COMPLETA,56,53
OFICIAL,MANANA,56,53
NO OFICIAL,MANANA,56,53
OFICIAL,COMPLETA,56,53
OFICIAL,COMPLETA,56,53
OFICIAL,UNICA,57,53
OFICIAL,UNICA,57,53
OFICIAL,MANANA,57,53
NO OFICIAL,COMPLETA,57,53
OFICIAL,MANANA,57,53
OFICIAL,MANANA,57,53
OFICIAL,UNICA,57,53
NO OFICIAL,COMPLETA,58,53
OFICIAL,MANANA,58,53
OFICIAL,MANANA,58,53
OFICIAL,MANANA,58,53
OFICIAL,UNICA,58,53
OFICIAL,MANANA,58,53
OFICIAL,MANANA,58,53
OFICIAL,UNICA,58,53
NO OFICIAL,COMPLETA,58,53
OFICIAL,MANANA,58,53
OFICIAL,UNICA,58,53
OFICIAL,COMPLETA,58,53
OFICIAL,MANANA,58,53
OFICIAL,UNICA,58,53
NO OFICIAL,COMPLETA,58,53
OFICIAL,MANANA,58,53
NO OFICIAL,COMPLETA,59,53
OFICIAL,COMPLETA,59,53
OFICIAL,COMPLETA,61,53
NO OFICIAL,COMPLETA,62,53
OFICIAL,COMPLETA,49,54
OFICIAL,COMPLETA,50,54
OFICIAL,UNICA,50,54
OFICIAL,NOCTURNA,50,54
NO OFICIAL,TARDE,51,54
OFICIAL,MANANA,52,54
OFICIAL,MANANA,53,54
OFICIAL,FIN DE SEMANA,53,54
OFICIAL,COMPLETA,53,54
OFICIAL,COMPLETA,53,54
OFICIAL,MANANA,53,54
OFICIAL,UNICA,54,54
OFICIAL,COMPLETA,54,54
OFICIAL,MANANA,54,54
OFICIAL,UNICA,54,54
NO OFICIAL,COMPLETA,54,54
OFICIAL,COMPLETA,54,54
OFICIAL,COMPLETA,54,54
OFICIAL,UNICA,55,54
OFICIAL,MANANA,55,54
OFICIAL,UNICA,55,54
OFICIAL,COMPLETA,55,54
OFICIAL,MANANA,55,54
OFICIAL,COMPLETA,55,54
OFICIAL,MANANA,55,54
OFICIAL,UNICA,55,54
OFICIAL,COMPLETA,55,54
OFICIAL,MANANA,56,54
OFICIAL,MANANA,56,54
OFICIAL,COMPLETA,56,54
OFICIAL,UNICA,56,54
OFICIAL,UNICA,56,54
OFICIAL,COMPLETA,56,54
OFICIAL,TARDE,56,54
NO OFICIAL,COMPLETA,56,54
NO OFICIAL,COMPLETA,56,54
OFICIAL,COMPLETA,56,54
OFICIAL,MANANA,56,54
OFICIAL,UNICA,57,54
OFICIAL,COMPLETA,57,54
OFICIAL,MANANA,57,54
NO OFICIAL,MANANA,57,54
OFICIAL,UNICA,58,54
OFICIAL,MANANA,58,54
OFICIAL,UNICA,58,54
NO OFICIAL,COMPLETA,58,54
OFICIAL,COMPLETA,58,54
OFICIAL,MANANA,58,54
OFICIAL,UNICA,58,54
OFICIAL,COMPLETA,58,54
OFICIAL,UNICA,58,54
OFICIAL,MANANA,58,54
OFICIAL,UNICA,58,54
OFICIAL,MANANA,59,54
OFICIAL,MANANA,59,54
OFICIAL,UNICA,59,54
OFICIAL,MANANA,59,54
OFICIAL,MANANA,59,54
OFICIAL,UNICA,59,54
NO OFICIAL,MANANA,59,54
OFICIAL,MANANA,60,54
OFICIAL,MANANA,60,54
NO OFICIAL,COMPLETA,60,54
NO OFICIAL,COMPLETA,61,54
NO OFICIAL,COMPLETA,61,54
OFICIAL,COMPLETA,51,55
OFICIAL,UNICA,53,55
OFICIAL,COMPLETA,54,55
OFICIAL,UNICA,54,55
NO OFICIAL,COMPLETA,54,55
OFICIAL,UNICA,54,55
OFICIAL,COMPLETA,54,55
NO OFICIAL,COMPLETA,55,55
OFICIAL,UNICA,55,55
OFICIAL,COMPLETA,55,55
OFICIAL,COMPLETA,55,55
OFICIAL,UNICA,55,55
OFICIAL,COMPLETA,55,55
OFICIAL,TARDE,55,55
OFICIAL,COMPLETA,56,55
OFICIAL,TARDE,56,55
OFICIAL,TARDE,56,55
OFICIAL,UNICA,56,55
OFICIAL,MANANA,56,55
OFICIAL,MANANA,56,55
OFICIAL,COMPLETA,56,55
OFICIAL,UNICA,56,55
OFICIAL,COMPLETA,56,55
OFICIAL,MANANA,57,55
NO OFICIAL,COMPLETA,57,55
OFICIAL,COMPLETA,57,55
OFICIAL,MANANA,57,55
OFICIAL,UNICA,57,55
NO OFICIAL,COMPLETA,57,55
NO OFICIAL,MANANA,57,55
OFICIAL,MANANA,58,55
NO OFICIAL,MANANA,58,55
OFICIAL,TARDE,58,55
OFICIAL,COMPLETA,58,55
NO OFICIAL,COMPLETA,58,55
OFICIAL,UNICA,58,55
NO OFICIAL,COMPLETA,58,55
OFICIAL,MANANA,58,55
NO OFICIAL,MANANA,58,55
OFICIAL,UNICA,58,55
OFICIAL,UNICA,58,55
OFICIAL,UNICA,59,55
OFICIAL,MANANA,59,55
NO OFICIAL,COMPLETA,59,55
NO OFICIAL,MANANA,59,55
NO OFICIAL,COMPLETA,59,55
OFICIAL,UNICA,59,55
OFICIAL,MANANA,59,55
OFICIAL,TARDE,59,55
OFICIAL,UNICA,59,55
NO OFICIAL,MANANA,60,55
NO OFICIAL,COMPLETA,60,55
NO OFICIAL,MANANA,61,55
NO OFICIAL,MANANA,61,55
NO OFICIAL,COMPLETA,62,55
OFICIAL,COMPLETA,54,56
OFICIAL,TARDE,54,56
NO OFICIAL,COMPLETA,56,56
OFICIAL,TARDE,56,56
NO OFICIAL,COMPLETA,57,56
OFICIAL,TARDE,57,56
OFICIAL,UNICA,57,56
OFICIAL,MANANA,57,56
NO OFICIAL,MANANA,57,56
OFICIAL,COMPLETA,57,56
OFICIAL,COMPLETA,57,56
OFICIAL,MANANA,57,56
NO OFICIAL,FIN DE SEMANA,58,56
OFICIAL,COMPLETA,58,56
NO OFICIAL,COMPLETA,58,56
OFICIAL,COMPLETA,58,56
OFICIAL,TARDE,58,56
OFICIAL,COMPLETA,58,56
NO OFICIAL,COMPLETA,58,56
OFICIAL,UNICA,59,56
OFICIAL,MANANA,59,56
OFICIAL,UNICA,59,56
OFICIAL,COMPLETA,59,56
NO OFICIAL,COMPLETA,59,56
OFICIAL,UNICA,59,56
NO OFICIAL,COMPLETA,59,56
OFICIAL,UNICA,59,56
NO OFICIAL,COMPLETA,60,56
OFICIAL,UNICA,60,56
NO OFICIAL,UNICA,60,56
NO OFICIAL,COMPLETA,60,56
OFICIAL,UNICA,60,56
OFICIAL,UNICA,60,56
OFICIAL,MANANA,61,56
OFICIAL,UNICA,61,56
NO OFICIAL,COMPLETA,61,56
NO OFICIAL,COMPLETA,62,56
OFICIAL,MANANA,62,56
NO OFICIAL,MANANA,63,56
OFICIAL,MANANA,64,56
OFICIAL,TARDE,52,57
OFICIAL,UNICA,53,57
OFICIAL,COMPLETA,54,57
OFICIAL,MANANA,55,57
OFICIAL,COMPLETA,55,57
OFICIAL,MANANA,55,57
OFICIAL,UNICA,56,57
OFICIAL,COMPLETA,56,57
OFICIAL,UNICA,57,57
OFICIAL,COMPLETA,57,57
OFICIAL,MANANA,57,57
OFICIAL,UNICA,58,57
OFICIAL,TARDE,58,57
NO OFICIAL,COMPLETA,58,57
OFICIAL,COMPLETA,58,57
NO OFICIAL,COMPLETA,59,57
NO OFICIAL,COMPLETA,59,57
OFICIAL,MANANA,59,57
OFICIAL,UNICA,59,57
OFICIAL,MANANA,59,57
NO OFICIAL,COMPLETA,59,57
NO OFICIAL,COMPLETA,59,57
OFICIAL,MANANA,60,57
OFICIAL,TARDE,60,57
NO OFICIAL,COMPLETA,60,57
NO OFICIAL,UNICA,60,57
OFICIAL,UNICA,60,57
NO OFICIAL,COMPLETA,60,57
NO OFICIAL,COMPLETA,60,57
NO OFICIAL,COMPLETA,60,57
NO OFICIAL,COMPLETA,60,57
NO OFICIAL,COMPLETA,60,57
OFICIAL,COMPLETA,60,57
NO OFICIAL,MANANA,61,57
OFICIAL,MANANA,61,57
OFICIAL,UNICA,61,57
NO OFICIAL,COMPLETA,62,57
NO OFICIAL,COMPLETA,62,57
NO OFICIAL,COMPLETA,64,57
OFICIAL,COMPLETA,54,58
OFICIAL,UNICA,57,58
OFICIAL,COMPLETA,57,58
NO OFICIAL,MANANA,58,58
OFICIAL,COMPLETA,58,58
NO OFICIAL,COMPLETA,58,58
NO OFICIAL,COMPLETA,59,58
NO OFICIAL,MANANA,59,58
OFICIAL,MANANA,59,58
NO OFICIAL,MANANA,59,58
OFICIAL,UNICA,59,58
OFICIAL,MANANA,59,58
OFICIAL,MANANA,60,58
NO OFICIAL,MANANA,60,58
NO OFICIAL,MANANA,60,58
OFICIAL,UNICA,60,58
NO OFICIAL,COMPLETA,60,58
OFICIAL,MANANA,61,58
NO OFICIAL,MANANA,61,58
OFICIAL,MANANA,61,58
OFICIAL,MANANA,61,58
NO OFICIAL,COMPLETA,61,58
NO OFICIAL,COMPLETA,62,58
NO OFICIAL,COMPLETA,62,58
NO OFICIAL,COMPLETA,62,58
OFICIAL,UNICA,62,58
NO OFICIAL,COMPLETA,62,58
NO OFICIAL,MANANA,63,58
NO OFICIAL,TARDE,63,58
OFICIAL,COMPLETA,64,58
OFICIAL,UNICA,64,58
OFICIAL,COMPLETA,56,59
OFICIAL,TARDE,58,59
NO OFICIAL,COMPLETA,58,59
OFICIAL,UNICA,58,59
OFICIAL,COMPLETA,58,59
OFICIAL,UNICA,59,59
OFICIAL,TARDE,59,59
OFICIAL,COMPLETA,60,59
NO OFICIAL,COMPLETA,60,59
OFICIAL,UNICA,61,59
NO OFICIAL,COMPLETA,61,59
NO OFICIAL,COMPLETA,61,59
OFICIAL,MANANA,62,59
OFICIAL,UNICA,62,59
NO OFICIAL,COMPLETA,62,59
OFICIAL,UNICA,62,59
NO OFICIAL,MANANA,63,59
NO OFICIAL,COMPLETA,64,59
NO OFICIAL,COMPLETA,64,59
OFICIAL,COMPLETA,50,60
OFICIAL,COMPLETA,58,60
OFICIAL,COMPLETA,59,60
OFICIAL,UNICA,59,60
OFICIAL,TARDE,59,60
OFICIAL,MANANA,60,60
NO OFICIAL,COMPLETA,61,60
NO OFICIAL,COMPLETA,61,60
OFICIAL,MANANA,61,60
NO OFICIAL,COMPLETA,61,60
OFICIAL,TARDE,61,60
OFICIAL,UNICA,61,60
OFICIAL,TARDE,61,60
NO OFICIAL,MANANA,62,60
NO OFICIAL,MANANA,62,60
OFICIAL,UNICA,62,60
NO OFICIAL,UNICA,63,60
NO OFICIAL,MANANA,63,60
NO OFICIAL,COMPLETA,64,60
NO OFICIAL,COMPLETA,64,60
OFICIAL,MANANA,57,61
NO OFICIAL,COMPLETA,59,61
NO OFICIAL,COMPLETA,60,61
OFICIAL,COMPLETA,61,61
NO OFICIAL,MANANA,61,61
NO OFICIAL,COMPLETA,61,61
NO OFICIAL,COMPLETA,62,61
NO OFICIAL,COMPLETA,62,61
OFICIAL,MANANA,62,61
NO OFICIAL,MANANA,62,61
NO OFICIAL,COMPLETA,63,61
NO OFICIAL,COMPLETA,63,61
OFICIAL,MANANA,63,61
NO OFICIAL,COMPLETA,64,61
NO OFICIAL,COMPLETA,65,61
NO OFICIAL,COMPLETA,58,62
NO OFICIAL,COMPLETA,60,62
OFICIAL,TARDE,61,62
NO OFICIAL,MANANA,61,62
NO OFICIAL,MANANA,61,62
NO OFICIAL,UNICA,61,62
NO OFICIAL,MANANA,61,62
NO OFICIAL,COMPLETA,62,62
NO OFICIAL,COMPLETA,62,62
NO OFICIAL,COMPLETA,62,62
NO OFICIAL,COMPLETA,62,62
NO OFICIAL,MANANA,63,62
NO OFICIAL,COMPLETA,63,62
NO OFICIAL,COMPLETA,64,62
NO OFICIAL,COMPLETA,64,62
NO OFICIAL,COMPLETA,64,62
NO OFICIAL,COMPLETA,64,62
NO OFICIAL,COMPLETA,64,62
NO OFICIAL,COMPLETA,65,62
NO OFICIAL,COMPLETA,65,62
NO OFICIAL,COMPLETA,65,62
NO OFICIAL,COMPLETA,62,63
NO OFICIAL,COMPLETA,62,63
NO OFICIAL,COMPLETA,63,63
NO OFICIAL,COMPLETA,63,63
NO OFICIAL,COMPLETA,63,63
NO OFICIAL,COMPLETA,63,63
NO OFICIAL,MANANA,63,63
NO OFICIAL,MANANA,63,63
NO OFICIAL,COMPLETA,63,63
NO OFICIAL,COMPLETA,63,63
NO OFICIAL,COMPLETA,63,63
NO OFICIAL,COMPLETA,63,63
NO OFICIAL,COMPLETA,63,63
NO OFICIAL,COMPLETA,64,63
OFICIAL,UNICA,64,63
NO OFICIAL,COMPLETA,64,63
OFICIAL,COMPLETA,65,63
NO OFICIAL,COMPLETA,66,63
NO OFICIAL,NOCTURNA,57,64
NO OFICIAL,COMPLETA,62,64
NO OFICIAL,COMPLETA,63,64
NO OFICIAL,COMPLETA,64,64
NO OFICIAL,COMPLETA,65,64
OFICIAL,UNICA,65,64
NO OFICIAL,COMPLETA,67,64
NO OFICIAL,COMPLETA,65,65
NO OFICIAL,COMPLETA,65,65
NO OFICIAL,COMPLETA,66,65
NO OFICIAL,COMPLETA,67,65
NO OFICIAL,COMPLETA,67,65
NO OFICIAL,NOCTURNA,57,66
NO OFICIAL,MANANA,64,66
OFICIAL,UNICA,64,66
NO OFICIAL,COMPLETA,67,66
NO OFICIAL,COMPLETA,68,66
NO OFICIAL,COMPLETA,68,66
OFICIAL,UNICA,63,68
NO OFICIAL,COMPLETA,65,68
NO OFICIAL,COMPLETA,66,68
NO OFICIAL,COMPLETA,67,68
NO OFICIAL,COMPLETA,67,68
NO OFICIAL,COMPLETA,67,68
NO OFICIAL,COMPLETA,68,68
NO OFICIAL,COMPLETA,68,68
NO OFICIAL,COMPLETA,68,68
NO OFICIAL,COMPLETA,64,69
NO OFICIAL,COMPLETA,66,69
NO OFICIAL,COMPLETA,67,69
NO OFICIAL,COMPLETA,68,69
NO OFICIAL,COMPLETA,68,70
NO OFICIAL,COMPLETA,69,70
NO OFICIAL,COMPLETA,69,70
NO OFICIAL,COMPLETA,68,71
OFICIAL,COMPLETA,74,71
NO OFICIAL,COMPLETA,68,72
NO OFICIAL,MANANA,69,74
NO OFICIAL,MANANA,70,74
NO OFICIAL,COMPLETA,71,75
NO OFICIAL,TARDE,72,75
NO OFICIAL,COMPLETA,70,76